variante,ano,erro_t1_pt,erro_t1_adv,erro_t2,p_pt,logloss,brier,cobre_t1_pt,cobre_t1_adv,cobre_t2
Sem correção de viés,2010,6.2392828797380275,-1.5142886457742293,,0.99,0.01005033585350145,0.00010000000000000018,False,True,True
Sem correção de viés,2018,-3.706985211601747,-6.243698484851365,3.2740846827433145,0.3661,0.4558640656920163,0.13402920999999998,True,False,True
Sem correção de viés,2022,0.47300215167554427,-5.141943457195438,5.478020404029927,0.9803,0.019896631714456645,0.000388090000000002,True,False,False
Metade da correção,2010,5.96870279225606,0.4218895643287368,,0.99,0.01005033585350145,0.00010000000000000018,False,True,True
Metade da correção,2018,-4.808201821924328,-4.6919065107109645,2.3119089159169732,0.3065,0.3660040392272508,0.09394224999999999,False,True,True
Metade da correção,2022,-0.2786039735576509,-3.5090458819884986,5.053979506006812,0.97,0.030459207484708574,0.0009000000000000016,True,True,False
Correção inteira,2010,5.696485214549099,2.356470763964964,,0.99,0.01005033585350145,0.00010000000000000018,False,True,True
Correção inteira,2018,-5.909413516431613,-3.140121012390857,1.3868442087958073,0.24445,0.2803093181223679,0.0597558025,False,True,True
Correção inteira,2022,-1.0314742625392626,-1.8776236213035205,4.6227007306662955,0.95105,0.05018864158328709,0.0023961025000000047,True,True,False
"Correção inteira, sem pesquisas online",2010,5.696485214549099,2.356470763964964,,0.99,0.01005033585350145,0.00010000000000000018,False,True,True
"Correção inteira, sem pesquisas online",2018,-5.909413516431613,-3.140121012390857,1.3868442087958073,0.24445,0.2803093181223679,0.0597558025,False,True,True
"Correção inteira, sem pesquisas online",2022,-1.2793264907102042,-2.246810216738112,4.871826786547835,0.9561,0.044892768890736685,0.0019272100000000045,True,True,False
"Correção inteira, sem pesos de qualidade",2010,5.7690367828852445,2.326203355572339,,0.99,0.01005033585350145,0.00010000000000000018,False,True,True
"Correção inteira, sem pesos de qualidade",2018,-5.851615738073907,-3.0403838150623415,1.638195726321193,0.2579,0.2982712740060492,0.06651241000000001,False,True,True
"Correção inteira, sem pesos de qualidade",2022,-1.194693961282205,-1.589108323188512,4.298945772654584,0.94235,0.05937852351950025,0.0033235224999999978,True,True,False
