ano,turno,uf,candidato,votos
2002,1,AC,Lula,123999.0
2002,1,AC,Serra,50250.0
2002,1,AC,Garotinho,46229.0
2002,1,AC,Ciro Gomes,43995.0
2002,1,AC,Outros,416.0
2002,1,AL,Lula,307751.0
2002,1,AL,Serra,314739.0
2002,1,AL,Garotinho,281015.0
2002,1,AL,Ciro Gomes,168925.0
2002,1,AL,Outros,3756.0
2002,1,AP,Lula,116507.0
2002,1,AP,Serra,20537.0
2002,1,AP,Garotinho,61026.0
2002,1,AP,Ciro Gomes,34007.0
2002,1,AP,Outros,1196.0
2002,1,AM,Lula,530246.0
2002,1,AM,Serra,166145.0
2002,1,AM,Garotinho,249007.0
2002,1,AM,Ciro Gomes,160132.0
2002,1,AM,Outros,5512.0
2002,1,BA,Lula,2899280.0
2002,1,BA,Serra,884291.0
2002,1,BA,Garotinho,703738.0
2002,1,BA,Ciro Gomes,738949.0
2002,1,BA,Outros,18789.0
2002,1,CE,Lula,1353339.0
2002,1,CE,Serra,293425.0
2002,1,CE,Garotinho,256879.0
2002,1,CE,Ciro Gomes,1529623.0
2002,1,CE,Outros,5108.0
2002,1,ES,Lula,717646.0
2002,1,ES,Serra,334697.0
2002,1,ES,Garotinho,436028.0
2002,1,ES,Ciro Gomes,114308.0
2002,1,ES,Outros,9317.0
2002,1,DF,Lula,592977.0
2002,1,DF,Serra,202410.0
2002,1,DF,Garotinho,220989.0
2002,1,DF,Ciro Gomes,184558.0
2002,1,DF,Outros,7481.0
2002,1,GO,Lula,1069398.0
2002,1,GO,Serra,709025.0
2002,1,GO,Garotinho,493038.0
2002,1,GO,Ciro Gomes,259088.0
2002,1,GO,Outros,9734.0
2002,1,MA,Lula,843132.0
2002,1,MA,Serra,248621.0
2002,1,MA,Garotinho,508006.0
2002,1,MA,Ciro Gomes,455860.0
2002,1,MA,Outros,6773.0
2002,1,MT,Lula,509151.0
2002,1,MT,Serra,372068.0
2002,1,MT,Garotinho,187598.0
2002,1,MT,Ciro Gomes,181028.0
2002,1,MT,Outros,2899.0
2002,1,MS,Lula,446438.0
2002,1,MS,Serra,308905.0
2002,1,MS,Garotinho,170957.0
2002,1,MS,Ciro Gomes,145271.0
2002,1,MS,Outros,4537.0
2002,1,MG,Lula,4990085.0
2002,1,MG,Serra,2151597.0
2002,1,MG,Garotinho,1359073.0
2002,1,MG,Ciro Gomes,862231.0
2002,1,MG,Outros,50145.0
2002,1,PA,Lula,1070416.0
2002,1,PA,Serra,673488.0
2002,1,PA,Garotinho,510470.0
2002,1,PA,Ciro Gomes,269687.0
2002,1,PA,Outros,8080.0
2002,1,PB,Lula,754329.0
2002,1,PB,Serra,466346.0
2002,1,PB,Garotinho,215207.0
2002,1,PB,Ciro Gomes,138789.0
2002,1,PB,Outros,4529.0
2002,1,PR,Lula,2540328.0
2002,1,PR,Serra,1367384.0
2002,1,PR,Garotinho,722438.0
2002,1,PR,Ciro Gomes,409135.0
2002,1,PR,Outros,27944.0
2002,1,PE,Lula,1657476.0
2002,1,PE,Serra,1015496.0
2002,1,PE,Garotinho,651445.0
2002,1,PE,Ciro Gomes,235145.0
2002,1,PE,Outros,9760.0
2002,1,PI,Lula,616157.0
2002,1,PI,Serra,358986.0
2002,1,PI,Garotinho,141624.0
2002,1,PI,Ciro Gomes,196157.0
2002,1,PI,Outros,2361.0
2002,1,RJ,Lula,3284258.0
2002,1,RJ,Serra,721081.0
2002,1,RJ,Garotinho,3449001.0
2002,1,RJ,Ciro Gomes,657725.0
2002,1,RJ,Outros,63940.0
2002,1,RN,Lula,581544.0
2002,1,RN,Serra,296856.0
2002,1,RN,Garotinho,229896.0
2002,1,RN,Ciro Gomes,218880.0
2002,1,RN,Outros,4234.0
2002,1,RS,Lula,2667451.0
2002,1,RS,Serra,1913186.0
2002,1,RS,Garotinho,709904.0
2002,1,RS,Ciro Gomes,588560.0
2002,1,RS,Outros,24659.0
2002,1,RO,Lula,283279.0
2002,1,RO,Serra,128000.0
2002,1,RO,Garotinho,154074.0
2002,1,RO,Ciro Gomes,60663.0
2002,1,RO,Outros,2955.0
2002,1,RR,Lula,71952.0
2002,1,RR,Serra,19195.0
2002,1,RR,Garotinho,39974.0
2002,1,RR,Ciro Gomes,28063.0
2002,1,RR,Outros,833.0
2002,1,SC,Lula,1719739.0
2002,1,SC,Serra,707239.0
2002,1,SC,Garotinho,373683.0
2002,1,SC,Ciro Gomes,217695.0
2002,1,SC,Outros,20101.0
2002,1,SP,Lula,9106914.0
2002,1,SP,Serra,5633365.0
2002,1,SP,Garotinho,2781712.0
2002,1,SP,Ciro Gomes,2087617.0
2002,1,SP,Outros,139795.0
2002,1,SE,Lula,357557.0
2002,1,SE,Serra,160348.0
2002,1,SE,Garotinho,151155.0
2002,1,SE,Ciro Gomes,133887.0
2002,1,SE,Outros,4684.0
2002,1,TO,Lula,225291.0
2002,1,TO,Serra,177547.0
2002,1,TO,Garotinho,72256.0
2002,1,TO,Ciro Gomes,46562.0
2002,1,TO,Outros,1011.0
2002,2,AC,Lula,140363.0
2002,2,AC,Serra,93803.0
2002,2,AL,Lula,477009.0
2002,2,AL,Serra,616902.0
2002,2,AP,Lula,171850.0
2002,2,AP,Serra,55723.0
2002,2,AM,Lula,722034.0
2002,2,AM,Serra,311175.0
2002,2,BA,Lula,3710900.0
2002,2,BA,Serra,1937780.0
2002,2,CE,Lula,2497143.0
2002,2,CE,Serra,981609.0
2002,2,ES,Lula,944172.0
2002,2,ES,Serra,646494.0
2002,2,DF,Lula,777708.0
2002,2,DF,Serra,471485.0
2002,2,GO,Lula,1424236.0
2002,2,GO,Serra,1071070.0
2002,2,MA,Lula,1229559.0
2002,2,MA,Serra,872880.0
2002,2,MT,Lula,649100.0
2002,2,MT,Serra,542695.0
2002,2,MS,Lula,593939.0
2002,2,MS,Serra,483196.0
2002,2,MG,Lula,6384690.0
2002,2,MG,Serra,3223960.0
2002,2,PA,Lula,1317472.0
2002,2,PA,Serra,1184624.0
2002,2,PB,Lula,984944.0
2002,2,PB,Serra,742486.0
2002,2,PR,Lula,2929427.0
2002,2,PR,Serra,2017198.0
2002,2,PE,Lula,2198673.0
2002,2,PE,Serra,1654132.0
2002,2,PI,Lula,825257.0
2002,2,PI,Serra,533603.0
2002,2,RJ,Lula,6318104.0
2002,2,RJ,Serra,1682472.0
2002,2,RN,Lula,781947.0
2002,2,RN,Serra,551628.0
2002,2,RS,Lula,3297354.0
2002,2,RS,Serra,2608109.0
2002,2,RO,Lula,334264.0
2002,2,RO,Serra,267320.0
2002,2,RR,Lula,104087.0
2002,2,RR,Serra,54692.0
2002,2,SC,Lula,1914684.0
2002,2,SC,Serra,1070502.0
2002,2,SP,Lula,11264282.0
2002,2,SP,Serra,9073187.0
2002,2,SE,Lula,490989.0
2002,2,SE,Serra,362923.0
2002,2,TO,Lula,288405.0
2002,2,TO,Serra,245349.0
2006,1,AC,Lula,133221.0
2006,1,AC,Alckmin,161889.0
2006,1,AC,Heloísa,13082.0
2006,1,AC,Outros,4414.0
2006,1,AL,Lula,625162.0
2006,1,AL,Alckmin,506722.0
2006,1,AL,Heloísa,178557.0
2006,1,AL,Outros,30274.0
2006,1,AP,Lula,160675.0
2006,1,AP,Alckmin,95070.0
2006,1,AP,Heloísa,29711.0
2006,1,AP,Outros,9923.0
2006,1,AM,Lula,1070656.0
2006,1,AM,Alckmin,170785.0
2006,1,AM,Heloísa,90479.0
2006,1,AM,Outros,39588.0
2006,1,BA,Lula,4293200.0
2006,1,BA,Alckmin,1676484.0
2006,1,BA,Heloísa,276325.0
2006,1,BA,Outros,195048.0
2006,1,CE,Lula,2852895.0
2006,1,CE,Alckmin,912726.0
2006,1,CE,Heloísa,148886.0
2006,1,CE,Outros,90991.0
2006,1,DF,Lula,499407.0
2006,1,DF,Alckmin,594521.0
2006,1,DF,Heloísa,165420.0
2006,1,DF,Outros,88457.0
2006,1,ES,Lula,953609.0
2006,1,ES,Alckmin,668792.0
2006,1,ES,Heloísa,107172.0
2006,1,ES,Outros,70821.0
2006,1,GO,Lula,1143122.0
2006,1,GO,Alckmin,1465628.0
2006,1,GO,Heloísa,179102.0
2006,1,GO,Outros,58209.0
2006,1,MA,Lula,2128103.0
2006,1,MA,Alckmin,530164.0
2006,1,MA,Heloísa,80749.0
2006,1,MA,Outros,79582.0
2006,1,MT,Lula,557244.0
2006,1,MT,Alckmin,790320.0
2006,1,MT,Heloísa,59201.0
2006,1,MT,Outros,34871.0
2006,1,MS,Lula,439965.0
2006,1,MS,Alckmin,687583.0
2006,1,MS,Heloísa,68112.0
2006,1,MS,Outros,26802.0
2006,1,MG,Lula,5192439.0
2006,1,MG,Alckmin,4151507.0
2006,1,MG,Heloísa,579920.0
2006,1,MG,Outros,296707.0
2006,1,PA,Lula,1631569.0
2006,1,PA,Alckmin,1310437.0
2006,1,PA,Heloísa,149278.0
2006,1,PA,Outros,59392.0
2006,1,PB,Lula,1258341.0
2006,1,PB,Alckmin,537042.0
2006,1,PB,Heloísa,80351.0
2006,1,PB,Outros,50920.0
2006,1,PR,Lula,2111589.0
2006,1,PR,Alckmin,2953572.0
2006,1,PR,Heloísa,301688.0
2006,1,PR,Outros,204569.0
2006,1,PE,Lula,2993618.0
2006,1,PE,Alckmin,964730.0
2006,1,PE,Heloísa,157966.0
2006,1,PE,Outros,104030.0
2006,1,PI,Lula,1055600.0
2006,1,PI,Alckmin,440063.0
2006,1,PI,Heloísa,38867.0
2006,1,PI,Outros,34423.0
2006,1,RJ,Lula,4092648.0
2006,1,RJ,Alckmin,2402076.0
2006,1,RJ,Heloísa,1425699.0
2006,1,RJ,Outros,402110.0
2006,1,RN,Lula,952796.0
2006,1,RN,Alckmin,499934.0
2006,1,RN,Heloísa,81185.0
2006,1,RN,Outros,49630.0
2006,1,RS,Lula,2052656.0
2006,1,RS,Alckmin,3460730.0
2006,1,RS,Heloísa,439959.0
2006,1,RS,Outros,253396.0
2006,1,RO,Lula,329598.0
2006,1,RO,Alckmin,344096.0
2006,1,RO,Heloísa,40753.0
2006,1,RO,Outros,16973.0
2006,1,RR,Lula,49433.0
2006,1,RR,Alckmin,112908.0
2006,1,RR,Heloísa,22034.0
2006,1,RR,Outros,4647.0
2006,1,SC,Lula,1108851.0
2006,1,SC,Alckmin,1889277.0
2006,1,SC,Heloísa,220431.0
2006,1,SC,Outros,119063.0
2006,1,SP,Lula,8091867.0
2006,1,SP,Alckmin,11927802.0
2006,1,SP,Heloísa,1558639.0
2006,1,SP,Outros,430735.0
2006,1,SE,Lula,476399.0
2006,1,SE,Alckmin,446454.0
2006,1,SE,Heloísa,62544.0
2006,1,SE,Outros,21068.0
2006,1,TO,Lula,392151.0
2006,1,TO,Alckmin,249544.0
2006,1,TO,Heloísa,15989.0
2006,1,TO,Outros,11244.0
2006,2,AC,Lula,151584.0
2006,2,AC,Alckmin,137911.0
2006,2,AL,Lula,822505.0
2006,2,AL,Alckmin,516059.0
2006,2,AP,Lula,191698.0
2006,2,AP,Alckmin,80601.0
2006,2,AM,Lula,1159709.0
2006,2,AM,Alckmin,176338.0
2006,2,BA,Lula,5188314.0
2006,2,BA,Alckmin,1456417.0
2006,2,CE,Lula,3394007.0
2006,2,CE,Alckmin,725990.0
2006,2,DF,Lula,765008.0
2006,2,DF,Alckmin,578137.0
2006,2,ES,Lula,1190459.0
2006,2,ES,Alckmin,625852.0
2006,2,GO,Lula,1485280.0
2006,2,GO,Alckmin,1226011.0
2006,2,MA,Lula,2280520.0
2006,2,MA,Alckmin,414108.0
2006,2,MT,Lula,711177.0
2006,2,MT,Alckmin,719984.0
2006,2,MS,Lula,535966.0
2006,2,MS,Alckmin,655491.0
2006,2,MG,Lula,6808417.0
2006,2,MG,Alckmin,3635228.0
2006,2,PA,Lula,1840154.0
2006,2,PA,Alckmin,1220564.0
2006,2,PB,Lula,1478378.0
2006,2,PB,Alckmin,492524.0
2006,2,PR,Lula,2663423.0
2006,2,PR,Alckmin,2744697.0
2006,2,PE,Lula,3260996.0
2006,2,PE,Alckmin,894062.0
2006,2,PI,Lula,1216842.0
2006,2,PI,Alckmin,356879.0
2006,2,RJ,Lula,5532284.0
2006,2,RJ,Alckmin,2406487.0
2006,2,RN,Lula,1099150.0
2006,2,RN,Alckmin,477212.0
2006,2,RS,Lula,2811658.0
2006,2,RS,Alckmin,3485916.0
2006,2,RO,Lula,397327.0
2006,2,RO,Alckmin,320806.0
2006,2,RR,Lula,66932.0
2006,2,RR,Alckmin,106890.0
2006,2,SC,Lula,1481344.0
2006,2,SC,Alckmin,1776776.0
2006,2,SP,Lula,10684776.0
2006,2,SP,Alckmin,11696938.0
2006,2,SE,Lula,611337.0
2006,2,SE,Alckmin,404897.0
2006,2,TO,Lula,447849.0
2006,2,TO,Alckmin,189491.0
2010,1,AC,Dilma,82732.0
2010,1,AC,Serra,180252.0
2010,1,AC,Marina,81081.0
2010,1,AC,Outros,1734.0
2010,1,AL,Dilma,709844.0
2010,1,AL,Serra,508232.0
2010,1,AL,Marina,160380.0
2010,1,AL,Outros,15623.0
2010,1,AP,Dilma,161443.0
2010,1,AP,Serra,72774.0
2010,1,AP,Marina,101243.0
2010,1,AP,Outros,5280.0
2010,1,AM,Dilma,991128.0
2010,1,AM,Serra,129190.0
2010,1,AM,Marina,392170.0
2010,1,AM,Outros,12686.0
2010,1,BA,Dilma,4188099.0
2010,1,BA,Serra,1403153.0
2010,1,BA,Marina,1052674.0
2010,1,BA,Outros,43975.0
2010,1,CE,Dilma,2783451.0
2010,1,CE,Serra,686891.0
2010,1,CE,Marina,686770.0
2010,1,CE,Outros,41399.0
2010,1,ES,Dilma,717417.0
2010,1,ES,Serra,682590.0
2010,1,ES,Marina,505734.0
2010,1,ES,Outros,20150.0
2010,1,DF,Dilma,462441.0
2010,1,DF,Serra,354070.0
2010,1,DF,Marina,611362.0
2010,1,DF,Outros,29186.0
2010,1,GO,Dilma,1301985.0
2010,1,GO,Serra,1217203.0
2010,1,GO,Marina,529694.0
2010,1,GO,Outros,33911.0
2010,1,MA,Dilma,2079650.0
2010,1,MA,Serra,444145.0
2010,1,MA,Marina,400048.0
2010,1,MA,Outros,19936.0
2010,1,MT,Dilma,659771.0
2010,1,MT,Serra,678614.0
2010,1,MT,Marina,184339.0
2010,1,MT,Outros,13869.0
2010,1,MS,Dilma,518877.0
2010,1,MS,Serra,551296.0
2010,1,MS,Marina,219812.0
2010,1,MS,Outros,11864.0
2010,1,MG,Dilma,5067399.0
2010,1,MG,Serra,3317872.0
2010,1,MG,Marina,2291502.0
2010,1,MG,Outros,108815.0
2010,1,PA,Dilma,1699799.0
2010,1,PA,Serra,1336887.0
2010,1,PA,Marina,474841.0
2010,1,PA,Outros,35057.0
2010,1,PB,Dilma,1031185.0
2010,1,PB,Serra,551053.0
2010,1,PB,Marina,341916.0
2010,1,PB,Outros,13832.0
2010,1,PR,Dilma,2311239.0
2010,1,PR,Serra,2607664.0
2010,1,PR,Marina,944402.0
2010,1,PR,Outros,71696.0
2010,1,PE,Dilma,2748751.0
2010,1,PE,Serra,773374.0
2010,1,PE,Marina,903655.0
2010,1,PE,Outros,26152.0
2010,1,PI,Dilma,1088205.0
2010,1,PI,Serra,339445.0
2010,1,PI,Marina,185107.0
2010,1,PI,Outros,9284.0
2010,1,RJ,Dilma,3739632.0
2010,1,RJ,Serra,1925166.0
2010,1,RJ,Marina,2693130.0
2010,1,RJ,Outros,187147.0
2010,1,RN,Dilma,846416.0
2010,1,RN,Serra,460107.0
2010,1,RN,Marina,313360.0
2010,1,RN,Outros,15280.0
2010,1,RS,Dilma,3007263.0
2010,1,RS,Serra,2600389.0
2010,1,RS,Marina,725580.0
2010,1,RS,Outros,72529.0
2010,1,RO,Dilma,321464.0
2010,1,RO,Serra,358389.0
2010,1,RO,Marina,100292.0
2010,1,RO,Outros,9196.0
2010,1,RR,Dilma,63927.0
2010,1,RR,Serra,113601.0
2010,1,RR,Marina,41784.0
2010,1,RR,Outros,3309.0
2010,1,SC,Dilma,1402566.0
2010,1,SC,Serra,1658161.0
2010,1,SC,Marina,507017.0
2010,1,SC,Outros,55385.0
2010,1,SP,Dilma,8740949.0
2010,1,SP,Serra,9524050.0
2010,1,SP,Marina,4865828.0
2010,1,SP,Outros,295472.0
2010,1,SE,Dilma,506802.0
2010,1,SE,Serra,404584.0
2010,1,SE,Marina,141033.0
2010,1,SE,Outros,10835.0
2010,1,TO,Dilma,362383.0
2010,1,TO,Serra,198979.0
2010,1,TO,Marina,146151.0
2010,1,TO,Outros,3351.0
2010,2,AC,Dilma,96969.0
2010,2,AC,Serra,222766.0
2010,2,AL,Dilma,737236.0
2010,2,AL,Serra,637368.0
2010,2,AP,Dilma,198644.0
2010,2,AP,Serra,118360.0
2010,2,AM,Dilma,1141607.0
2010,2,AM,Serra,275333.0
2010,2,BA,Dilma,4737079.0
2010,2,BA,Serra,1948584.0
2010,2,CE,Dilma,3288570.0
2010,2,CE,Serra,962729.0
2010,2,ES,Dilma,924046.0
2010,2,ES,Serra,955423.0
2010,2,DF,Dilma,708674.0
2010,2,DF,Serra,633299.0
2010,2,GO,Dilma,1446178.0
2010,2,GO,Serra,1490368.0
2010,2,MA,Dilma,2294146.0
2010,2,MA,Serra,606449.0
2010,2,MT,Dilma,729747.0
2010,2,MT,Serra,762905.0
2010,2,MS,Dilma,555283.0
2010,2,MS,Serra,682305.0
2010,2,MG,Dilma,6220125.0
2010,2,MG,Serra,4422294.0
2010,2,PA,Dilma,1791443.0
2010,2,PA,Serra,1576154.0
2010,2,PB,Dilma,1229391.0
2010,2,PB,Serra,767919.0
2010,2,PR,Dilma,2593086.0
2010,2,PR,Serra,3226216.0
2010,2,PE,Dilma,3457953.0
2010,2,PE,Serra,1113235.0
2010,2,PI,Dilma,1112380.0
2010,2,PI,Serra,477092.0
2010,2,RJ,Dilma,4934077.0
2010,2,RJ,Serra,3223891.0
2010,2,RN,Dilma,979772.0
2010,2,RN,Serra,665726.0
2010,2,RS,Dilma,3117761.0
2010,2,RS,Serra,3237207.0
2010,2,RO,Dilma,347138.0
2010,2,RO,Serra,385735.0
2010,2,RR,Dilma,71280.0
2010,2,RR,Serra,141896.0
2010,2,SC,Dilma,1556226.0
2010,2,SC,Serra,2030135.0
2010,2,SP,Dilma,10462447.0
2010,2,SP,Serra,12308483.0
2010,2,SE,Dilma,568862.0
2010,2,SE,Serra,493280.0
2010,2,TO,Dilma,391279.0
2010,2,TO,Serra,273306.0
2014,1,AC,Dilma,111610.0
2014,1,AC,Aécio,116015.0
2014,1,AC,Marina,167499.0
2014,1,AC,Outros,3767.0
2014,1,AL,Dilma,703674.0
2014,1,AL,Aécio,311576.0
2014,1,AL,Marina,356632.0
2014,1,AL,Outros,37071.0
2014,1,AP,Dilma,198939.0
2014,1,AP,Aécio,99046.0
2014,1,AP,Marina,77702.0
2014,1,AP,Outros,13651.0
2014,1,AM,Dilma,915030.0
2014,1,AM,Aécio,325734.0
2014,1,AM,Marina,361234.0
2014,1,AM,Outros,75857.0
2014,1,BA,Dilma,4292325.0
2014,1,BA,Aécio,1276603.0
2014,1,BA,Marina,1284185.0
2014,1,BA,Outros,132782.0
2014,1,CE,Dilma,3087115.0
2014,1,CE,Aécio,676743.0
2014,1,CE,Marina,638115.0
2014,1,CE,Outros,118259.0
2014,1,DF,Dilma,362511.0
2014,1,DF,Aécio,568371.0
2014,1,DF,Marina,563830.0
2014,1,DF,Outros,79802.0
2014,1,ES,Dilma,653469.0
2014,1,ES,Aécio,692952.0
2014,1,ES,Marina,567421.0
2014,1,ES,Outros,59377.0
2014,1,GO,Dilma,1035673.0
2014,1,GO,Aécio,1340441.0
2014,1,GO,Marina,771157.0
2014,1,GO,Outros,79281.0
2014,1,MA,Dilma,2187668.0
2014,1,MA,Aécio,365443.0
2014,1,MA,Marina,534824.0
2014,1,MA,Outros,56994.0
2014,1,MT,Dilma,616265.0
2014,1,MT,Aécio,693251.0
2014,1,MT,Marina,219908.0
2014,1,MT,Outros,29363.0
2014,1,MS,Dilma,506951.0
2014,1,MS,Aécio,558331.0
2014,1,MS,Marina,257805.0
2014,1,MS,Outros,28318.0
2014,1,MG,Dilma,4829513.0
2014,1,MG,Aécio,4414452.0
2014,1,MG,Marina,1554511.0
2014,1,MG,Outros,308407.0
2014,1,PA,Dilma,2040696.0
2014,1,PA,Aécio,1057860.0
2014,1,PA,Marina,627012.0
2014,1,PA,Outros,112106.0
2014,1,PB,Dilma,1166632.0
2014,1,PB,Aécio,490516.0
2014,1,PB,Marina,393390.0
2014,1,PB,Outros,47274.0
2014,1,PE,Dilma,2126491.0
2014,1,PE,Aécio,284771.0
2014,1,PE,Marina,2310700.0
2014,1,PE,Outros,87002.0
2014,1,PR,Dilma,1972761.0
2014,1,PR,Aécio,3018548.0
2014,1,PR,Marina,860685.0
2014,1,PR,Outros,210318.0
2014,1,PI,Dilma,1235203.0
2014,1,PI,Aécio,242069.0
2014,1,PI,Marina,246121.0
2014,1,PI,Outros,25989.0
2014,1,RJ,Dilma,2970486.0
2014,1,RJ,Aécio,2242363.0
2014,1,RJ,Marina,2590871.0
2014,1,RJ,Outros,532408.0
2014,1,RN,Dilma,999452.0
2014,1,RN,Aécio,329866.0
2014,1,RN,Marina,286061.0
2014,1,RN,Outros,48691.0
2014,1,RS,Dilma,2751098.0
2014,1,RS,Aécio,2637238.0
2014,1,RS,Marina,732148.0
2014,1,RS,Outros,246900.0
2014,1,RO,Dilma,345167.0
2014,1,RO,Aécio,371692.0
2014,1,RO,Marina,86148.0
2014,1,RO,Outros,24675.0
2014,1,RR,Dilma,82857.0
2014,1,RR,Aécio,108903.0
2014,1,RR,Marina,46936.0
2014,1,RR,Outros,10894.0
2014,1,SC,Dilma,1140432.0
2014,1,SC,Aécio,1961224.0
2014,1,SC,Marina,475599.0
2014,1,SC,Outros,130665.0
2014,1,SP,Dilma,5927503.0
2014,1,SP,Aécio,10152688.0
2014,1,SP,Marina,5761174.0
2014,1,SP,Outros,1117145.0
2014,1,SE,Dilma,601578.0
2014,1,SE,Aécio,248424.0
2014,1,SE,Marina,203188.0
2014,1,SE,Outros,42026.0
2014,1,TO,Dilma,368348.0
2014,1,TO,Aécio,202882.0
2014,1,TO,Marina,150568.0
2014,1,TO,Outros,11462.0
2014,2,AC,Dilma,138922.0
2014,2,AC,Aécio,243530.0
2014,2,AL,Dilma,941286.0
2014,2,AL,Aécio,574012.0
2014,2,AP,Dilma,227414.0
2014,2,AP,Aécio,142664.0
2014,2,AM,Dilma,1033090.0
2014,2,AM,Aécio,555810.0
2014,2,BA,Dilma,5059228.0
2014,2,BA,Aécio,2151922.0
2014,2,CE,Dilma,3522225.0
2014,2,CE,Aécio,1067096.0
2014,2,DF,Dilma,580581.0
2014,2,DF,Aécio,943275.0
2014,2,ES,Dilma,911906.0
2014,2,ES,Aécio,1064067.0
2014,2,GO,Dilma,1365658.0
2014,2,GO,Aécio,1818087.0
2014,2,MA,Dilma,2475762.0
2014,2,MA,Aécio,667517.0
2014,2,MT,Dilma,717230.0
2014,2,MT,Aécio,864999.0
2014,2,MS,Dilma,590835.0
2014,2,MS,Aécio,762233.0
2014,2,MG,Dilma,5979422.0
2014,2,MG,Aécio,5428821.0
2014,2,PA,Dilma,2103829.0
2014,2,PA,Aécio,1560470.0
2014,2,PB,Dilma,1380988.0
2014,2,PB,Aécio,767916.0
2014,2,PE,Dilma,3438165.0
2014,2,PE,Aécio,1459226.0
2014,2,PR,Dilma,2408740.0
2014,2,PR,Aécio,3765025.0
2014,2,PI,Dilma,1385096.0
2014,2,PI,Aécio,383884.0
2014,2,RJ,Dilma,4488183.0
2014,2,RJ,Aécio,3681088.0
2014,2,RN,Dilma,1201576.0
2014,2,RN,Aécio,516011.0
2014,2,RS,Dilma,2997360.0
2014,2,RS,Aécio,3452455.0
2014,2,RO,Dilma,364055.0
2014,2,RO,Aécio,442349.0
2014,2,RR,Dilma,97329.0
2014,2,RR,Aécio,139477.0
2014,2,SC,Dilma,1353808.0
2014,2,SC,Aécio,2469079.0
2014,2,SP,Dilma,8488383.0
2014,2,SP,Aécio,15296289.0
2014,2,SE,Dilma,772253.0
2014,2,SE,Aécio,380222.0
2014,2,TO,Dilma,428662.0
2014,2,TO,Aécio,291848.0
2018,1,AC,Bolsonaro,262508.0
2018,1,AC,Haddad,78170.0
2018,1,AC,Ciro,21809.0
2018,1,AC,Outros,59291.0
2018,1,AL,Bolsonaro,528355.0
2018,1,AL,Haddad,687247.0
2018,1,AL,Ciro,155457.0
2018,1,AL,Outros,164687.0
2018,1,AP,Bolsonaro,166935.0
2018,1,AP,Haddad,134287.0
2018,1,AP,Ciro,50553.0
2018,1,AP,Outros,57982.0
2018,1,AM,Bolsonaro,805902.0
2018,1,AM,Haddad,746998.0
2018,1,AM,Ciro,138997.0
2018,1,AM,Outros,161697.0
2018,1,BA,Bolsonaro,1725140.0
2018,1,BA,Haddad,4441955.0
2018,1,BA,Ciro,693273.0
2018,1,BA,Outros,508177.0
2018,1,CE,Bolsonaro,1061075.0
2018,1,CE,Haddad,1616492.0
2018,1,CE,Ciro,1998597.0
2018,1,CE,Outros,203991.0
2018,1,DF,Bolsonaro,936494.0
2018,1,DF,Haddad,190508.0
2018,1,DF,Ciro,266272.0
2018,1,DF,Outros,211243.0
2018,1,ES,Bolsonaro,1122131.0
2018,1,ES,Haddad,495868.0
2018,1,ES,Ciro,195553.0
2018,1,ES,Outros,235596.0
2018,1,GO,Bolsonaro,1868686.0
2018,1,GO,Haddad,713535.0
2018,1,GO,Ciro,280864.0
2018,1,GO,Outros,401704.0
2018,1,MA,Bolsonaro,817511.0
2018,1,MA,Haddad,2062592.0
2018,1,MA,Ciro,282467.0
2018,1,MA,Outros,204301.0
2018,1,MT,Bolsonaro,981119.0
2018,1,MT,Haddad,404604.0
2018,1,MT,Ciro,91344.0
2018,1,MT,Outros,157069.0
2018,1,MS,Bolsonaro,769116.0
2018,1,MS,Haddad,333407.0
2018,1,MS,Ciro,112296.0
2018,1,MS,Outros,182126.0
2018,1,MG,Bolsonaro,5308047.0
2018,1,MG,Haddad,3037957.0
2018,1,MG,Ciro,1278819.0
2018,1,MG,Outros,1362891.0
2018,1,PA,Bolsonaro,1499294.0
2018,1,PA,Haddad,1714822.0
2018,1,PA,Ciro,415593.0
2018,1,PA,Outros,513026.0
2018,1,PB,Bolsonaro,677718.0
2018,1,PB,Haddad,984398.0
2018,1,PB,Ciro,362775.0
2018,1,PB,Outros,140653.0
2018,1,PE,Bolsonaro,1444685.0
2018,1,PE,Haddad,2309104.0
2018,1,PE,Ciro,640860.0
2018,1,PE,Outros,330487.0
2018,1,PR,Bolsonaro,3496448.0
2018,1,PR,Haddad,1210974.0
2018,1,PR,Ciro,510541.0
2018,1,PR,Outros,927726.0
2018,1,PI,Bolsonaro,346944.0
2018,1,PI,Haddad,1172147.0
2018,1,PI,Ciro,211240.0
2018,1,PI,Outros,118612.0
2018,1,RJ,Bolsonaro,5107735.0
2018,1,RJ,Haddad,1255425.0
2018,1,RJ,Ciro,1300292.0
2018,1,RJ,Outros,879941.0
2018,1,RN,Bolsonaro,541448.0
2018,1,RN,Haddad,738165.0
2018,1,RN,Ciro,399766.0
2018,1,RN,Outros,112874.0
2018,1,RS,Bolsonaro,3353623.0
2018,1,RS,Haddad,1453291.0
2018,1,RS,Ciro,724429.0
2018,1,RS,Outros,841093.0
2018,1,RO,Bolsonaro,538311.0
2018,1,RO,Haddad,176107.0
2018,1,RO,Ciro,52118.0
2018,1,RO,Outros,98365.0
2018,1,RR,Bolsonaro,174306.0
2018,1,RR,Haddad,49406.0
2018,1,RR,Ciro,14838.0
2018,1,RR,Outros,38238.0
2018,1,SC,Bolsonaro,2603665.0
2018,1,SC,Haddad,598578.0
2018,1,SC,Ciro,264312.0
2018,1,SC,Outros,489228.0
2018,1,SP,Bolsonaro,12378012.0
2018,1,SP,Haddad,3833982.0
2018,1,SP,Ciro,2650440.0
2018,1,SP,Outros,4490345.0
2018,1,SE,Bolsonaro,310310.0
2018,1,SE,Haddad,571234.0
2018,1,SE,Ciro,148526.0
2018,1,SE,Outros,110310.0
2018,1,TO,Bolsonaro,337782.0
2018,1,TO,Haddad,311212.0
2018,1,TO,Ciro,54262.0
2018,1,TO,Outros,53504.0
2018,2,AC,Bolsonaro,294899.0
2018,2,AC,Haddad,86977.0
2018,2,AL,Bolsonaro,610093.0
2018,2,AL,Haddad,912034.0
2018,2,AP,Bolsonaro,185096.0
2018,2,AP,Haddad,183616.0
2018,2,AM,Bolsonaro,885401.0
2018,2,AM,Haddad,875845.0
2018,2,BA,Bolsonaro,2060382.0
2018,2,BA,Haddad,5484901.0
2018,2,CE,Bolsonaro,1384591.0
2018,2,CE,Haddad,3407526.0
2018,2,DF,Bolsonaro,1080411.0
2018,2,DF,Haddad,463340.0
2018,2,ES,Bolsonaro,1276611.0
2018,2,ES,Haddad,747768.0
2018,2,GO,Bolsonaro,2124739.0
2018,2,GO,Haddad,1118060.0
2018,2,MA,Bolsonaro,886565.0
2018,2,MA,Haddad,2428913.0
2018,2,MT,Bolsonaro,1085824.0
2018,2,MT,Haddad,549001.0
2018,2,MS,Bolsonaro,872049.0
2018,2,MS,Haddad,465025.0
2018,2,MG,Bolsonaro,6100196.0
2018,2,MG,Haddad,4383099.0
2018,2,PA,Bolsonaro,1742188.0
2018,2,PA,Haddad,2112769.0
2018,2,PB,Bolsonaro,782143.0
2018,2,PB,Haddad,1451293.0
2018,2,PE,Bolsonaro,1661163.0
2018,2,PE,Haddad,3297944.0
2018,2,PR,Bolsonaro,4224416.0
2018,2,PR,Haddad,1948790.0
2018,2,PI,Bolsonaro,422095.0
2018,2,PI,Haddad,1417113.0
2018,2,RJ,Bolsonaro,5669059.0
2018,2,RJ,Haddad,2673386.0
2018,2,RN,Bolsonaro,652562.0
2018,2,RN,Haddad,1131027.0
2018,2,RS,Bolsonaro,3893737.0
2018,2,RS,Haddad,2263171.0
2018,2,RO,Bolsonaro,594968.0
2018,2,RO,Haddad,229343.0
2018,2,RR,Bolsonaro,183268.0
2018,2,RR,Haddad,72872.0
2018,2,SC,Bolsonaro,2966242.0
2018,2,SC,Haddad,940724.0
2018,2,SP,Bolsonaro,15306023.0
2018,2,SP,Haddad,7212132.0
2018,2,SE,Bolsonaro,364860.0
2018,2,SE,Haddad,759061.0
2018,2,TO,Bolsonaro,356684.0
2018,2,TO,Haddad,371593.0
2022,1,AC,Lula,129022.0
2022,1,AC,Bolsonaro,275582.0
2022,1,AC,Tebet,20122.0
2022,1,AC,Outros,16191.0
2022,1,AL,Lula,974156.0
2022,1,AL,Bolsonaro,621515.0
2022,1,AL,Tebet,67411.0
2022,1,AL,Outros,61135.0
2022,1,AP,Lula,197382.0
2022,1,AP,Bolsonaro,187621.0
2022,1,AP,Tebet,27497.0
2022,1,AP,Outros,19661.0
2022,1,AM,Lula,1019684.0
2022,1,AM,Bolsonaro,880198.0
2022,1,AM,Tebet,87060.0
2022,1,AM,Outros,69734.0
2022,1,BA,Lula,5873081.0
2022,1,BA,Bolsonaro,2047599.0
2022,1,BA,Tebet,197305.0
2022,1,BA,Outros,305023.0
2022,1,CE,Lula,3578355.0
2022,1,CE,Bolsonaro,1377827.0
2022,1,CE,Tebet,66214.0
2022,1,CE,Outros,406868.0
2022,1,DF,Lula,649534.0
2022,1,DF,Bolsonaro,910397.0
2022,1,DF,Tebet,105377.0
2022,1,DF,Outros,97267.0
2022,1,ES,Lula,897348.0
2022,1,ES,Bolsonaro,1160030.0
2022,1,ES,Tebet,85325.0
2022,1,ES,Outros,78427.0
2022,1,GO,Lula,1454723.0
2022,1,GO,Bolsonaro,1920203.0
2022,1,GO,Tebet,170742.0
2022,1,GO,Outros,135801.0
2022,1,MA,Lula,2603454.0
2022,1,MA,Bolsonaro,983861.0
2022,1,MA,Tebet,78254.0
2022,1,MA,Outros,116076.0
2022,1,MT,Lula,633748.0
2022,1,MT,Bolsonaro,1102866.0
2022,1,MT,Tebet,55989.0
2022,1,MT,Outros,50285.0
2022,1,MS,Lula,588323.0
2022,1,MS,Bolsonaro,794206.0
2022,1,MS,Tebet,79719.0
2022,1,MS,Outros,44741.0
2022,1,MG,Lula,5802571.0
2022,1,MG,Bolsonaro,5239264.0
2022,1,MG,Tebet,500658.0
2022,1,MG,Outros,474140.0
2022,1,PA,Lula,2443730.0
2022,1,PA,Bolsonaro,1884673.0
2022,1,PA,Tebet,204075.0
2022,1,PA,Outros,147458.0
2022,1,PB,Lula,1554868.0
2022,1,PB,Bolsonaro,717416.0
2022,1,PB,Tebet,57154.0
2022,1,PB,Outros,92250.0
2022,1,PR,Lula,2363492.0
2022,1,PR,Bolsonaro,3628612.0
2022,1,PR,Tebet,309685.0
2022,1,PR,Outros,264975.0
2022,1,PE,Lula,3558322.0
2022,1,PE,Bolsonaro,1630938.0
2022,1,PE,Tebet,96570.0
2022,1,PE,Outros,166179.0
2022,1,PI,Lula,1518008.0
2022,1,PI,Bolsonaro,406897.0
2022,1,PI,Tebet,42179.0
2022,1,PI,Outros,77302.0
2022,1,RJ,Lula,3847143.0
2022,1,RJ,Bolsonaro,4831246.0
2022,1,RJ,Tebet,365969.0
2022,1,RJ,Outros,412319.0
2022,1,RN,Lula,1264179.0
2022,1,RN,Bolsonaro,622731.0
2022,1,RN,Tebet,38633.0
2022,1,RN,Outros,81721.0
2022,1,RS,Lula,2806672.0
2022,1,RS,Bolsonaro,3245023.0
2022,1,RS,Tebet,317957.0
2022,1,RS,Outros,268100.0
2022,1,RO,Lula,261749.0
2022,1,RO,Bolsonaro,581306.0
2022,1,RO,Tebet,31217.0
2022,1,RO,Outros,28963.0
2022,1,RR,Lula,68760.0
2022,1,RR,Bolsonaro,207587.0
2022,1,RR,Tebet,12956.0
2022,1,RR,Outros,9066.0
2022,1,SC,Lula,1279216.0
2022,1,SC,Bolsonaro,2694406.0
2022,1,SC,Tebet,191310.0
2022,1,SC,Outros,166052.0
2022,1,SP,Lula,10490032.0
2022,1,SP,Bolsonaro,12239989.0
2022,1,SP,Tebet,1625596.0
2022,1,SP,Outros,1300717.0
2022,1,SE,Lula,828716.0
2022,1,SE,Bolsonaro,378610.0
2022,1,SE,Tebet,42073.0
2022,1,SE,Outros,49033.0
2022,1,TO,Lula,434303.0
2022,1,TO,Bolsonaro,379194.0
2022,1,TO,Tebet,25209.0
2022,1,TO,Outros,23086.0
2022,2,AC,Lula,121566.0
2022,2,AC,Bolsonaro,287750.0
2022,2,AL,Lula,976831.0
2022,2,AL,Bolsonaro,687827.0
2022,2,AP,Lula,189918.0
2022,2,AP,Bolsonaro,200547.0
2022,2,AM,Lula,1004991.0
2022,2,AM,Bolsonaro,961741.0
2022,2,BA,Lula,6097815.0
2022,2,BA,Bolsonaro,2357028.0
2022,2,CE,Lula,3807891.0
2022,2,CE,Bolsonaro,1634477.0
2022,2,DF,Lula,729295.0
2022,2,DF,Bolsonaro,1041331.0
2022,2,ES,Lula,926767.0
2022,2,ES,Bolsonaro,1282145.0
2022,2,GO,Lula,1542115.0
2022,2,GO,Bolsonaro,2193041.0
2022,2,MA,Lula,2668425.0
2022,2,MA,Bolsonaro,1082749.0
2022,2,MT,Lula,652786.0
2022,2,MT,Bolsonaro,1216730.0
2022,2,MS,Lula,599547.0
2022,2,MS,Bolsonaro,880606.0
2022,2,MG,Lula,6190960.0
2022,2,MG,Bolsonaro,6141310.0
2022,2,PA,Lula,2509084.0
2022,2,PA,Bolsonaro,2073895.0
2022,2,PB,Lula,1601953.0
2022,2,PB,Bolsonaro,802502.0
2022,2,PR,Lula,2506605.0
2022,2,PR,Bolsonaro,4159343.0
2022,2,PE,Lula,3640933.0
2022,2,PE,Bolsonaro,1798832.0
2022,2,PI,Lula,1551383.0
2022,2,PI,Bolsonaro,467065.0
2022,2,RJ,Lula,4156217.0
2022,2,RJ,Bolsonaro,5403894.0
2022,2,RN,Lula,1326785.0
2022,2,RN,Bolsonaro,711381.0
2022,2,RS,Lula,2891851.0
2022,2,RS,Bolsonaro,3733185.0
2022,2,RO,Lula,262904.0
2022,2,RO,Bolsonaro,633236.0
2022,2,RR,Lula,67128.0
2022,2,RR,Bolsonaro,213518.0
2022,2,SC,Lula,1351918.0
2022,2,SC,Bolsonaro,3047630.0
2022,2,SP,Lula,11519882.0
2022,2,SP,Bolsonaro,14216587.0
2022,2,SE,Lula,862951.0
2022,2,SE,Bolsonaro,421086.0
2022,2,TO,Lula,434593.0
2022,2,TO,Bolsonaro,411654.0
